URL_ID,URL
37,https://insights.blackcoffer.com/ai-in-healthcare-to-improve-patient-outcomes/
38,https://insights.blackcoffer.com/what-if-the-creation-is-taking-over-the-creator/
39,https://insights.blackcoffer.com/what-jobs-will-robots-take-from-humans-in-the-future/
40,https://insights.blackcoffer.com/will-machine-replace-the-human-in-the-future-of-work/
41,https://insights.blackcoffer.com/will-ai-replace-us-or-work-with-us/
42,https://insights.blackcoffer.com/man-and-machines-together-machines-are-more-diligent-than-humans-blackcoffe/
43,https://insights.blackcoffer.com/in-future-or-in-upcoming-years-humans-and-machines-are-going-to-work-together-in-every-field-of-work/
45,https://insights.blackcoffer.com/how-machine-learning-will-affect-your-business/
46,https://insights.blackcoffer.com/deep-learning-impact-on-areas-of-e-learning/
47,https://insights.blackcoffer.com/how-to-protect-future-data-and-its-privacy-blackcoffer/
48,https://insights.blackcoffer.com/how-machines-ai-automations-and-robo-human-are-effective-in-finance-and-banking/
49,https://insights.blackcoffer.com/ai-human-robotics-machine-future-planet-blackcoffer-thinking-jobs-workplace/
50,https://insights.blackcoffer.com/how-ai-will-change-the-world-blackcoffer/
51,https://insights.blackcoffer.com/future-of-work-how-ai-has-entered-the-workplace/
52,https://insights.blackcoffer.com/ai-tool-alexa-google-assistant-finance-banking-tool-future/
